{
  "Author": "akira0245,",
  "Name": "DalamudFontReplacer",
  "InternalName": "DalamudFontReplacer",
  "AssemblyVersion": "1.0.0.0",
  "Description": "Replaces dalamud's default font(and glyph range) with NotoSansCJKsc-Medium 17pt in order to display Chinese characters properly.\nInstalling this and the font replacing effects immediately.\n If you don't want to replace font anymore, please disable this plugin and restart the game.\nFont size, path and glyph range can be changed in plugin config file.",
  "ApplicableVersion": "any",
  "RepoUrl": "https://github.com/AinaSnow/DalamudCNAdapter",
  "Tags": [
    "akira",
    "font",
    "text",
    "fix",
    "chinese",
    "cn"
  ],
  "DalamudApiLevel": 8,
  "LoadRequiredState": 0,
  "LoadSync": false,
  "CanUnloadAsync": false,
  "LoadPriority": 0,
  "IconUrl": "",
  "Punchline": "Replaces dalamud's default font",
  "AcceptsFeedback": true
}